categoría,tipo,preguntas,total en archivo,SGNS (propio) Add,SGNS (propio) Mul,Word2Vec gensim Add,Word2Vec gensim Mul,GloVe 6B Add,GloVe 6B Mul
capital-common-countries,semántica,380.0,506.0,0.7631578947368421,0.7131578947368421,0.6605263157894737,0.6368421052631579,0.9289473684210526,0.9105263157894737
capital-world,semántica,1052.0,4524.0,0.6093155893536122,0.5551330798479087,0.5199619771863118,0.46387832699619774,0.8849809885931559,0.8612167300380228
currency,semántica,70.0,866.0,0.0,0.0,0.014285714285714285,0.014285714285714285,0.05714285714285714,0.05714285714285714
city-in-state,semántica,1574.0,2467.0,0.38818297331639134,0.3475222363405337,0.3310038119440915,0.3062261753494282,0.30813214739517153,0.2770012706480305
family,semántica,342.0,506.0,0.5146198830409356,0.4824561403508772,0.5146198830409356,0.47953216374269003,0.8801169590643275,0.868421052631579
gram1-adjective-to-adverb,sintáctica,812.0,992.0,0.10960591133004927,0.08251231527093596,0.14039408866995073,0.1206896551724138,0.27586206896551724,0.27832512315270935
gram2-opposite,sintáctica,272.0,812.0,0.09926470588235294,0.058823529411764705,0.1323529411764706,0.09926470588235294,0.27205882352941174,0.23897058823529413
gram3-comparative,sintáctica,1332.0,1332.0,0.4677177177177177,0.42792792792792794,0.5375375375375375,0.5247747747747747,0.7995495495495496,0.78003003003003
gram4-superlative,sintáctica,702.0,1122.0,0.2692307692307692,0.2678062678062678,0.31196581196581197,0.33760683760683763,0.6082621082621082,0.6125356125356125
gram5-present-participle,sintáctica,870.0,1056.0,0.4114942528735632,0.35517241379310344,0.45977011494252873,0.4241379310344828,0.7218390804597701,0.7172413793103448
gram6-nationality-adjective,sintáctica,1299.0,1599.0,0.8629715165511932,0.8375673595073133,0.8375673595073133,0.8167821401077752,0.9738260200153964,0.9584295612009238
gram7-past-tense,sintáctica,1332.0,1560.0,0.6088588588588588,0.5570570570570571,0.6313813813813813,0.5915915915915916,0.5885885885885885,0.5623123123123123
gram8-plural,sintáctica,930.0,1332.0,0.5225806451612903,0.45483870967741935,0.4666666666666667,0.3946236559139785,0.7946236559139785,0.7548387096774194
gram9-plural-verbs,sintáctica,702.0,870.0,0.301994301994302,0.30626780626780625,0.31054131054131057,0.3176638176638177,0.5783475783475783,0.5997150997150997
SEMÁNTICAS,,,,0.502633118782914,0.45845523698069046,0.4376828554710357,0.4028671737858397,0.6067875950848449,0.5819192510239907
SINTÁCTICAS,,,,0.47460913828626833,0.43849230396315597,0.492788752878439,0.4689128590473882,0.6801599806084111,0.6667070658102048
TOTAL,,,,0.48281772216985175,0.4443397034878738,0.4766475276373297,0.4495672294112606,0.6586682663467307,0.641871625674865
