,SGNS (propio),Word2Vec gensim,GloVe 6B
tokens del corpus,"24,608,578","24,608,578","6,000,000,000"
vocabulario,"99,347","99,347","400,000"
dimensión,100,100,100
tiempo de entrenamiento,13.3 min (10 epochs),2.7 min (10 epochs),"≈85 min construir X (1 hilo) + 50 iteraciones; 14 min/iteración para d=300 con 32 hilos (Pennington et al., 2014)"
hardware,"Apple M4 Pro, GPU (MPS)","Apple M4 Pro, CPU (12 hilos)","2× Intel Xeon E5-2658 2.1 GHz, 32 núcleos (reportado)"
analogías sem (3CosAdd),0.503,0.438,0.607
analogías sint (3CosAdd),0.475,0.493,0.680
analogías total (3CosAdd),0.483,0.477,0.659
analogías sem (3CosMul),0.458,0.403,0.582
analogías sint (3CosMul),0.438,0.469,0.667
analogías total (3CosMul),0.444,0.450,0.642
WordSim-353 ρ,0.664,0.672,0.533
SimLex-999 ρ,0.262,0.311,0.298
cos. promedio vectores diferencia,0.389,0.393,0.547
% tokens OOV en AG News,3.46 %,3.46 %,0.83 %
F1 test AG News (mejor variante),0.9112 (fine-tuning),0.9134 (fine-tuning),0.9165 (fine-tuning)
