modelo,frac,n_train,f1_val,f1_test,acc_test
TF-IDF,0.01,1080,0.834260674824447,0.8250304299942833,0.8261842105263157
Aleatorio,0.01,1080,0.7410817599216301,0.7392223759161647,0.7401315789473685
SGNS congelado,0.01,1080,0.8614487982545924,0.8587435899328364,0.8586842105263158
SGNS fine-tuning,0.01,1080,0.8681612497915632,0.8599078006046997,0.8603947368421052
GloVe congelado,0.01,1080,0.8762129982226978,0.8710047397129532,0.8711842105263158
GloVe fine-tuning,0.01,1080,0.8770826157609178,0.8728053702889249,0.8730263157894737
TF-IDF,0.1,10800,0.8961942087153734,0.8870383400529499,0.8873684210526316
Aleatorio,0.1,10800,0.8544982049805901,0.847717814505831,0.8477631578947369
SGNS congelado,0.1,10800,0.8758472617918986,0.8756972056680099,0.8760526315789474
SGNS fine-tuning,0.1,10800,0.8960442519607226,0.8916695980542807,0.8917105263157895
GloVe congelado,0.1,10800,0.8982981227454749,0.8888349512054456,0.8889473684210526
GloVe fine-tuning,0.1,10800,0.9049182383965295,0.8956989003675608,0.895921052631579
TF-IDF,0.5,54000,0.9145935609946092,0.9081937453892523,0.9084210526315789
Aleatorio,0.5,54000,0.8963003836914017,0.8930495329013423,0.8930263157894737
SGNS congelado,0.5,54000,0.8852420555715061,0.8838723606234427,0.8839473684210526
SGNS fine-tuning,0.5,54000,0.910486303512061,0.90186673000458,0.9021052631578947
GloVe congelado,0.5,54000,0.9014082017511295,0.8916507547912622,0.8917105263157895
GloVe fine-tuning,0.5,54000,0.9161102211174129,0.9113267612418203,0.9114473684210527
TF-IDF,1.0,108000,0.9238933351539328,0.921025902628417,0.9211842105263158
Aleatorio,1.0,108000,0.9125085679606105,0.9042862118906485,0.9044736842105263
SGNS congelado,1.0,108000,0.8919061775728054,0.8897499357580205,0.89
SGNS fine-tuning,1.0,108000,0.9162111393916079,0.9111725668134517,0.9113157894736842
GloVe congelado,1.0,108000,0.9076586414759151,0.9009475761127195,0.9011842105263158
GloVe fine-tuning,1.0,108000,0.9227075631531765,0.916505191434923,0.9167105263157894
