iter,epoch,train_loss,an_sem,an_syn,an_total,wordsim,time_s
S1,1,2.331942319869995,0.25190169689877123,0.2682034394438346,0.26340707583713524,0.6488069882137066,52.41430816600041
S1,2,2.216195583343506,0.3270918665886483,0.3578485181119649,0.3487991736248601,0.6533114143268488,51.484849625005154
S1,3,2.1792945861816406,0.3964306612053833,0.40712281985608,0.40397693036067833,0.654030922865476,52.14646066700516
S1,4,2.1502583026885986,0.435927442949093,0.4388340041468472,0.43797882413704053,0.6697252888476166,55.6006677080004
S1,5,2.125784158706665,0.42685781158572267,0.46225149408464444,0.45183782387879834,0.6769683873275757,53.3131712079994
S2,1,2.399102210998535,0.1734932709186659,0.2663739480424442,0.2390462253593871,0.6237215912824701,50.73953354200057
S2,2,2.210707187652588,0.2776477472205968,0.40334187095987317,0.3663596453473358,0.6581575726025053,52.199743874996784
S2,3,2.174377918243408,0.3329432416617905,0.442492986949628,0.410260824653525,0.6579776266811813,51.09525904099428
S2,4,2.155569553375244,0.36483323581041543,0.45688498597389926,0.42980115348196607,0.6630729302653374,50.37836433299526
S2,5,2.144192934036255,0.37331772966647164,0.4615196975240883,0.435568563312387,0.6653563724688049,49.80272308400163
S3,1,2.5637481212615967,0.06699824458747805,0.052689352360043906,0.056899371610570716,0.46945992361413047,49.73420508400159
S3,2,2.4360275268554688,0.1179052077238151,0.12586900841566045,0.12352586726349316,0.5358042513822701,49.9492629170054
S3,3,2.3325631618499756,0.20567583382094792,0.21075740944017562,0.20926228802616856,0.5615959498120368,49.67705891600053
S3,4,2.2453627586364746,0.3537156231714453,0.32808879131601415,0.33562881983300336,0.612531101120134,49.63853895899956
S3,5,2.173657178878784,0.4195435927442949,0.4199292596658129,0.41981578720840146,0.6558199265053056,49.68995858299604
S4,1,2.3463006019592285,0.15272088940901113,0.2185632394194414,0.1991908410088663,0.6438725078574005,25.69354445800127
S4,2,2.2362887859344482,0.20304271503803395,0.28832784485912916,0.26323491434965995,0.6425634975811025,25.89271741700213
S4,3,2.212803363800049,0.25248683440608544,0.3263812660080498,0.304639752087458,0.6438089489769327,25.660792333001154
S4,4,2.1947526931762695,0.28408425980105323,0.35065251859982927,0.3310665404149092,0.6440612584721225,25.679997540995828
S4,5,2.1794817447662354,0.2814511410181393,0.3694352969874375,0.3435482482568649,0.6520597721309729,25.72403787499934
S5,1,2.363424062728882,0.2729666471620831,0.23173557750945237,0.24386674700869415,0.6199458911213563,121.76430674999574
S5,2,2.227613687515259,0.3970157987126975,0.3301622149042566,0.3498321425497116,0.618208752628575,123.67650916700222
S5,3,2.153421640396118,0.47045055588063195,0.3755336016587389,0.4034604458982526,0.6513493434324126,124.33105608399637
S5,4,2.0921199321746826,0.5055588063194851,0.4185876326381266,0.4441766376861496,0.6693907104984883,124.29919737500313
S5,5,2.041123151779175,0.5257460503218256,0.4316380046347115,0.45932684858397177,0.6777420997599349,124.94514716699632
S6,1,2.461380958557129,0.07208765859284891,0.09966321566670824,0.0913365259033522,0.5209334360567333,9.558066833997145
S6,2,2.224783420562744,0.12831603229527105,0.1751278533117126,0.16099259904222898,0.6019660868545528,9.441997125002672
S6,3,2.1625900268554688,0.16724336793540945,0.2060621179992516,0.19434044405746626,0.6035196211021028,9.461736249999376
S6,4,2.126204252243042,0.18627450980392157,0.2240239491081452,0.21262516325642142,0.6120258601560067,9.49092662500334
S6,5,2.1015584468841553,0.18771626297577854,0.23026069602095547,0.2174140182847192,0.6134265971730711,9.440608625001914
S7,1,2.37872314453125,0.1891891891891892,0.18944994361608822,0.18937021572720947,0.5992226694755484,21.455952499993145
S7,2,2.2139763832092285,0.27880512091038406,0.2631249216890114,0.26791927627000695,0.6205913852061057,21.34383675000572
S7,3,2.168149948120117,0.3081081081081081,0.3093597293572234,0.3089770354906054,0.62989973458126,21.51918716599903
S7,4,2.137448787689209,0.32773826458036986,0.32752787871194083,0.32759220598469035,0.6323222634257509,21.348985374999756
S7,5,2.1134092807769775,0.3379800853485064,0.3357975191078812,0.3364648573416841,0.6278875869931221,21.370652790996246
S8,1,2.2938926219940186,0.1922176711527209,0.2945481156238566,0.26444004476198674,0.608533907890724,25.171218084004067
S8,2,2.097064733505249,0.23551784669397308,0.3896816684961581,0.34432297495050357,0.6250513751322542,25.271799583002576
S8,3,2.0432209968566895,0.31100058513750733,0.42993047932674716,0.3949384522682276,0.6451641838935709,25.260713875002693
S8,4,2.0070323944091797,0.3104154476301931,0.4389559702402732,0.40113626581733663,0.6507839170282522,25.21372091700323
S8,5,1.9788538217544556,0.32241076653013456,0.446761800219539,0.41017474390978736,0.6581989821761431,25.296877415996278
S9,1,2.354964256286621,0.25190169689877123,0.2549091352603976,0.254024274769734,0.6130346195238389,88.8745941659945
S9,2,2.2783687114715576,0.32826214160327677,0.32577143554091964,0.326504260996815,0.6471361600680801,88.51061020799534
S9,3,2.2484612464904785,0.38355763604447046,0.3605317721673375,0.36730653352844966,0.6488190946671292,88.58005508300266
S9,4,2.222726345062256,0.4280280866003511,0.41529454811562383,0.41904106051476286,0.6669343386137485,88.50590995800303
S9,5,2.2001280784606934,0.44499707431246344,0.4420051225759239,0.4428854265300852,0.6714713696071304,88.4467738339954
S10,1,3.337427854537964,0.3229959040374488,0.2980851323332114,0.3054144787810967,0.6201131802959206,80.30384104199766
S10,2,3.138681173324585,0.4093036863662961,0.3719965849493841,0.3829732288886976,0.6546213876164872,80.52796187499916
S10,3,3.0943639278411865,0.42422469280280867,0.41529454811562383,0.4179220108461737,0.6479039568470626,80.45647858300072
S10,4,3.060356855392456,0.4751316559391457,0.4481034272472253,0.456055780321942,0.6540387645455338,80.45631074999983
S10,5,3.0308947563171387,0.49210064365125805,0.4574948164410294,0.46767668072652147,0.6587053896198692,80.57799020800303
S11,1,1.6316401958465576,0.19719133996489174,0.23478472984510307,0.2237238529740897,0.6204057987780736,37.28590854199865
S11,2,1.55320143699646,0.23698069046225864,0.3132089279180388,0.2907807523457003,0.6449117368250468,37.51756004100025
S11,3,1.5217269659042358,0.29344645991808077,0.36528844981095254,0.34415081346302834,0.6523581686931684,37.28697495799861
S11,4,1.4975241422653198,0.3259215915740199,0.4117575314062691,0.38650253938194024,0.6599131459220888,37.820935333002126
S11,5,1.4773821830749512,0.3478642480983031,0.42371020856201974,0.40139450804854954,0.6637799196305393,37.56474958299805
S12,1,2.325556516647339,0.2232299590403745,0.20417124039517015,0.2097787724885943,0.6358991701187353,28.718494000000646
S12,2,2.134481191635132,0.307489760093622,0.28149774362727165,0.28914521821468536,0.6116152754333958,28.692254707995744
S12,3,2.0820255279541016,0.34640140433001754,0.3182095377485059,0.326504260996815,0.6202756544037827,28.656385666996357
S12,4,2.0450258255004883,0.39672322995904036,0.35687278936455663,0.36859774468451406,0.6311817804840263,28.631795541994506
S12,5,2.0171539783477783,0.41574019894675246,0.367361873399195,0.3815959369888956,0.6361690890007213,28.699254334002035
S13,1,2.35862135887146,0.25336454066705677,0.2840590315892182,0.2750279762417147,0.6446674882541974,37.11605279099604
S13,2,2.2694435119628906,0.31421884142773554,0.35589706061714843,0.3436343290006026,0.6635503109596574,37.280235625003115
S13,3,2.243342161178589,0.3414277355178467,0.3954140748871814,0.37952999913919255,0.683871871243492,36.82436637500359
S13,4,2.221534252166748,0.38911644236395554,0.4373704110257349,0.4231729362141689,0.6845854178695459,37.03937645899714
S13,5,2.20257568359375,0.38970157987126974,0.4478594950603732,0.43074804166307995,0.6842005655165968,37.58659079199424
