iter,cambio,dim,ventana,neg,t,min_count,lr,epochs,tokens,vocab,pares/epoch (M),pérdida final,an. sem,an. sint,an. total,WordSim ρ,s/epoch,total (min),mem pico (MB)
S1,base,100,5,5,0.0001,5,0.01,5,24608578,99347,85.17448759999999,2.125784158706665,0.42685781158572267,0.46225149408464444,0.45183782387879834,0.6769683873275757,52.9918914748021,4.415990956233509,1882.944580078125
S2,lr 0.003,100,5,5,0.0001,5,0.003,5,24608578,99347,85.17448759999999,2.144192934036255,0.37331772966647164,0.4615196975240883,0.435568563312387,0.6653563724688049,50.843124774997705,4.236927064583142,1882.944580078125
S3,lr 0.03,100,5,5,0.0001,5,0.03,5,24608578,99347,85.17448759999999,2.173657178878784,0.4195435927442949,0.4199292596658129,0.41981578720840146,0.6558199265053056,49.73780489180062,4.144817074316719,1882.944580078125
S4,d=50,50,5,5,0.0001,5,0.01,5,24608578,99347,85.17448759999999,2.1794817447662354,0.2814511410181393,0.3694352969874375,0.3435482482568649,0.6520597721309729,25.730217924799945,2.144184827066662,1731.444580078125
S5,d=300,300,5,5,0.0001,5,0.01,5,24608578,99347,85.17448759999999,2.041123151779175,0.5257460503218256,0.4316380046347115,0.45932684858397177,0.6777420997599349,123.80324330859875,10.31693694238323,2490.944580078125
S6,corpus 25 %,100,5,5,0.0001,5,0.01,5,6072816,45333,20.7413812,2.1015584468841553,0.18771626297577854,0.23026069602095547,0.2174140182847192,0.6134265971730711,9.47866709180089,0.7898889243167407,585.607421875
S7,corpus 50 %,100,5,5,0.0001,5,0.01,5,12238542,67486,42.13644,2.1134092807769775,0.3379800853485064,0.3357975191078812,0.3364648573416841,0.6278875869931221,21.40772291639878,1.7839769096998983,1036.836669921875
S8,ventana 2,100,2,5,0.0001,5,0.01,5,24608578,99347,43.3306216,1.9788538217544556,0.32241076653013456,0.446761800219539,0.41017474390978736,0.6581989821761431,25.24286597500177,2.103572164583481,1242.65576171875
S9,ventana 10,100,10,5,0.0001,5,0.01,5,24608578,99347,151.7917076,2.2001280784606934,0.44499707431246344,0.4420051225759239,0.4428854265300852,0.6714713696071304,88.58358864979819,7.381965720816515,2938.993896484375
S10,15 negativos,100,5,15,0.0001,5,0.01,5,24608578,99347,85.187339,3.0308947563171387,0.49210064365125805,0.4574948164410294,0.46767668072652147,0.6587053896198692,80.46451649160008,6.705376374300006,1884.3798828125
S11,2 negativos,100,5,2,0.0001,5,0.01,5,24608578,99347,85.1729848,1.4773821830749512,0.3478642480983031,0.42371020856201974,0.40139450804854954,0.6637799196305393,37.49522569139954,3.1246021409499614,1882.56689453125
S12,t=1e-5,100,5,5,1e-05,5,0.01,5,24608578,99347,49.3599274,2.0171539783477783,0.41574019894675246,0.367361873399195,0.3815959369888956,0.6361690890007213,28.67963685019786,2.389969737516488,1338.910888671875
S13,min_count 20,100,5,5,0.0001,20,0.01,5,24088845,43497,81.7743548,2.20257568359375,0.38970157987126974,0.4478594950603732,0.43074804166307995,0.6842005655165968,37.16932440839882,3.0974437006999023,1646.684326171875
SBEST,mejor combinación,100,5,15,0.0001,5,0.01,10,24608578,99347,85.17571670000001,3.00860857963562,0.502633118782914,0.47676545920234176,0.4843763450116209,0.6636323034427866,79.6843492999993,13.280724883333217,1884.3798828125
